-- MySQL dump 10.13  Distrib 5.7.18, for Linux (x86_64)
--
-- Host: localhost    Database: deliver
-- ------------------------------------------------------
-- Server version	5.7.18

/*!40101 SET @OLD_CHARACTER_SET_CLIENT=@@CHARACTER_SET_CLIENT */;
/*!40101 SET @OLD_CHARACTER_SET_RESULTS=@@CHARACTER_SET_RESULTS */;
/*!40101 SET @OLD_COLLATION_CONNECTION=@@COLLATION_CONNECTION */;
/*!40101 SET NAMES utf8 */;
/*!40103 SET @OLD_TIME_ZONE=@@TIME_ZONE */;
/*!40103 SET TIME_ZONE='+00:00' */;
/*!40014 SET @OLD_UNIQUE_CHECKS=@@UNIQUE_CHECKS, UNIQUE_CHECKS=0 */;
/*!40014 SET @OLD_FOREIGN_KEY_CHECKS=@@FOREIGN_KEY_CHECKS, FOREIGN_KEY_CHECKS=0 */;
/*!40101 SET @OLD_SQL_MODE=@@SQL_MODE, SQL_MODE='NO_AUTO_VALUE_ON_ZERO' */;
/*!40111 SET @OLD_SQL_NOTES=@@SQL_NOTES, SQL_NOTES=0 */;

--
-- Table structure for table `attendance`
--

DROP TABLE IF EXISTS `attendance`;
/*!40101 SET @saved_cs_client     = @@character_set_client */;
/*!40101 SET character_set_client = utf8 */;
CREATE TABLE `attendance` (
  `id` int(11) NOT NULL,
  `begin_time` datetime NOT NULL,
  `date` date NOT NULL,
  `end_time` datetime DEFAULT NULL,
  `mEmployee_id` int(11) DEFAULT NULL,
  `mPoint_id` int(11) DEFAULT NULL,
  PRIMARY KEY (`id`),
  KEY `FKig4hrwx1usqjb9irr8ikx3eia` (`mEmployee_id`),
  KEY `FKr849bfm14fobwm996686hw53d` (`mPoint_id`)
) ENGINE=MyISAM DEFAULT CHARSET=utf8;
/*!40101 SET character_set_client = @saved_cs_client */;

--
-- Dumping data for table `attendance`
--

LOCK TABLES `attendance` WRITE;
/*!40000 ALTER TABLE `attendance` DISABLE KEYS */;
/*!40000 ALTER TABLE `attendance` ENABLE KEYS */;
UNLOCK TABLES;

--
-- Table structure for table `business_point`
--

DROP TABLE IF EXISTS `business_point`;
/*!40101 SET @saved_cs_client     = @@character_set_client */;
/*!40101 SET character_set_client = utf8 */;
CREATE TABLE `business_point` (
  `id` int(11) NOT NULL,
  `business_point_id` varchar(255) NOT NULL,
  `city` varchar(255) NOT NULL,
  `county` varchar(255) NOT NULL,
  `name` varchar(255) NOT NULL,
  `number` varchar(255) NOT NULL,
  `province` varchar(255) NOT NULL,
  `road` varchar(255) NOT NULL,
  PRIMARY KEY (`id`),
  UNIQUE KEY `UK_lkijqsrafxre7ahcp9mg0bu6a` (`business_point_id`)
) ENGINE=MyISAM DEFAULT CHARSET=utf8;
/*!40101 SET character_set_client = @saved_cs_client */;

--
-- Dumping data for table `business_point`
--

LOCK TABLES `business_point` WRITE;
/*!40000 ALTER TABLE `business_point` DISABLE KEYS */;
INSERT INTO `business_point` VALUES (1000,'100','上海','嘉定区','同济大学','4800','上海','曹安公路');
/*!40000 ALTER TABLE `business_point` ENABLE KEYS */;
UNLOCK TABLES;

--
-- Table structure for table `day_form`
--

DROP TABLE IF EXISTS `day_form`;
/*!40101 SET @saved_cs_client     = @@character_set_client */;
/*!40101 SET character_set_client = utf8 */;
CREATE TABLE `day_form` (
  `id` int(11) NOT NULL,
  `date` datetime NOT NULL,
  `sum` int(11) NOT NULL,
  `mCompany_id` int(11) DEFAULT NULL,
  PRIMARY KEY (`id`),
  KEY `FKcq1xa4ybwql48dhtodlpvkdg2` (`mCompany_id`)
) ENGINE=MyISAM DEFAULT CHARSET=utf8;
/*!40101 SET character_set_client = @saved_cs_client */;

--
-- Dumping data for table `day_form`
--

LOCK TABLES `day_form` WRITE;
/*!40000 ALTER TABLE `day_form` DISABLE KEYS */;
INSERT INTO `day_form` VALUES (52,'2014-11-01 13:26:37',950,1000),(53,'2014-11-02 13:26:37',903,1000),(54,'2014-11-03 13:26:37',409,1000),(55,'2014-11-04 13:26:37',297,1000),(56,'2014-11-05 13:26:37',455,1000),(57,'2014-11-06 13:26:37',152,1000),(58,'2014-11-07 13:26:37',617,1000),(59,'2014-11-08 13:26:37',677,1000),(60,'2014-11-09 13:26:37',323,1000),(61,'2014-11-10 13:26:37',373,1000),(62,'2014-11-11 13:26:37',950,1000),(63,'2014-11-12 13:26:37',586,1000),(64,'2014-11-13 13:26:37',383,1000),(65,'2014-11-14 13:26:37',95,1000),(66,'2014-11-15 13:26:37',536,1000),(67,'2014-11-16 13:26:37',493,1000),(68,'2014-11-17 13:26:37',765,1000),(69,'2014-11-18 13:26:37',318,1000),(70,'2014-11-19 13:26:37',258,1000),(71,'2014-11-20 13:26:37',117,1000),(72,'2014-11-21 13:26:37',31,1000),(73,'2014-11-22 13:26:37',370,1000),(74,'2014-11-23 13:26:37',814,1000),(75,'2014-11-24 13:26:37',341,1000),(76,'2014-11-25 13:26:37',936,1000),(77,'2014-11-26 13:26:37',502,1000),(78,'2014-11-27 13:26:37',94,1000),(79,'2014-11-28 13:26:37',326,1000),(80,'2014-11-29 13:26:37',884,1000),(81,'2014-11-30 13:26:37',603,1000),(82,'2014-12-01 13:26:37',45,1000),(83,'2014-12-02 13:26:37',331,1000),(84,'2014-12-03 13:26:37',87,1000),(85,'2014-12-04 13:26:37',918,1000),(86,'2014-12-05 13:26:37',167,1000),(87,'2014-12-06 13:26:37',437,1000),(88,'2014-12-07 13:26:37',665,1000),(89,'2014-12-08 13:26:37',860,1000),(90,'2014-12-09 13:26:37',652,1000),(91,'2014-12-10 13:26:37',307,1000),(92,'2014-12-11 13:26:37',717,1000),(93,'2014-12-12 13:26:37',839,1000),(94,'2014-12-13 13:26:37',978,1000),(95,'2014-12-14 13:26:37',120,1000),(96,'2014-12-15 13:26:37',427,1000),(97,'2014-12-16 13:26:37',528,1000),(98,'2014-12-17 13:26:37',461,1000),(99,'2014-12-18 13:26:37',27,1000),(100,'2014-12-19 13:26:37',859,1000),(101,'2014-12-20 13:26:37',131,1000),(102,'2014-12-21 13:26:37',844,1000),(103,'2014-12-22 13:26:37',857,1000),(104,'2014-12-23 13:26:37',960,1000),(105,'2014-12-24 13:26:37',48,1000),(106,'2014-12-25 13:26:37',551,1000),(107,'2014-12-26 13:26:37',269,1000),(108,'2014-12-27 13:26:37',680,1000),(109,'2014-12-28 13:26:37',777,1000),(110,'2014-12-29 13:26:37',597,1000),(111,'2014-12-30 13:26:37',261,1000),(112,'2014-12-31 13:26:37',809,1000),(113,'2015-01-01 13:26:37',36,1000),(114,'2015-01-02 13:26:37',491,1000),(115,'2015-01-03 13:26:37',745,1000),(116,'2015-01-04 13:26:37',310,1000),(117,'2015-01-05 13:26:37',829,1000),(118,'2015-01-06 13:26:37',698,1000),(119,'2015-01-07 13:26:37',878,1000),(120,'2015-01-08 13:26:37',463,1000),(121,'2015-01-09 13:26:37',672,1000),(122,'2015-01-10 13:26:37',321,1000),(123,'2015-01-11 13:26:37',991,1000),(124,'2015-01-12 13:26:37',88,1000),(125,'2015-01-13 13:26:37',231,1000),(126,'2015-01-14 13:26:37',747,1000),(127,'2015-01-15 13:26:37',246,1000),(128,'2015-01-16 13:26:37',507,1000),(129,'2015-01-17 13:26:37',400,1000),(130,'2015-01-18 13:26:37',902,1000),(131,'2015-01-19 13:26:37',593,1000),(132,'2015-01-20 13:26:37',635,1000),(133,'2015-01-21 13:26:37',243,1000),(134,'2015-01-22 13:26:37',633,1000),(135,'2015-01-23 13:26:37',218,1000),(136,'2015-01-24 13:26:37',797,1000),(137,'2015-01-25 13:26:37',293,1000),(138,'2015-01-26 13:26:37',488,1000),(139,'2015-01-27 13:26:37',427,1000),(140,'2015-01-28 13:26:37',450,1000),(141,'2015-01-29 13:26:37',392,1000),(142,'2015-01-30 13:26:37',808,1000),(143,'2015-01-31 13:26:37',833,1000),(144,'2015-02-01 13:26:37',948,1000),(145,'2015-02-02 13:26:37',661,1000),(146,'2015-02-03 13:26:37',638,1000),(147,'2015-02-04 13:26:37',790,1000),(148,'2015-02-05 13:26:37',936,1000),(149,'2015-02-06 13:26:37',188,1000),(150,'2015-02-07 13:26:37',425,1000),(151,'2015-02-08 13:26:37',243,1000),(152,'2015-02-09 13:26:37',695,1000),(153,'2015-02-10 13:26:37',728,1000),(154,'2015-02-11 13:26:37',833,1000),(155,'2015-02-12 13:26:37',565,1000),(156,'2015-02-13 13:26:37',42,1000),(157,'2015-02-14 13:26:37',37,1000),(158,'2015-02-15 13:26:37',337,1000),(159,'2015-02-16 13:26:37',471,1000),(160,'2015-02-17 13:26:37',924,1000),(161,'2015-02-18 13:26:37',464,1000),(162,'2015-02-19 13:26:37',401,1000),(163,'2015-02-20 13:26:37',828,1000),(164,'2015-02-21 13:26:37',945,1000),(165,'2015-02-22 13:26:37',78,1000),(166,'2015-02-23 13:26:37',175,1000),(167,'2015-02-24 13:26:37',18,1000),(168,'2015-02-25 13:26:37',422,1000),(169,'2015-02-26 13:26:37',911,1000),(170,'2015-02-27 13:26:37',634,1000),(171,'2015-02-28 13:26:37',524,1000),(172,'2015-03-01 13:26:37',447,1000),(173,'2015-03-02 13:26:37',883,1000),(174,'2015-03-03 13:26:37',13,1000),(175,'2015-03-04 13:26:37',590,1000),(176,'2015-03-05 13:26:37',652,1000),(177,'2015-03-06 13:26:37',566,1000),(178,'2015-03-07 13:26:37',182,1000),(179,'2015-03-08 13:26:37',119,1000),(180,'2015-03-09 13:26:37',11,1000),(181,'2015-03-10 13:26:37',246,1000),(182,'2015-03-11 13:26:37',352,1000),(183,'2015-03-12 13:26:37',461,1000),(184,'2015-03-13 13:26:37',95,1000),(185,'2015-03-14 13:26:37',679,1000),(186,'2015-03-15 13:26:37',118,1000),(187,'2015-03-16 13:26:37',374,1000),(188,'2015-03-17 13:26:37',613,1000),(189,'2015-03-18 13:26:37',498,1000),(190,'2015-03-19 13:26:37',401,1000),(191,'2015-03-20 13:26:37',249,1000),(192,'2015-03-21 13:26:37',974,1000),(193,'2015-03-22 13:26:37',523,1000),(194,'2015-03-23 13:26:37',257,1000),(195,'2015-03-24 13:26:37',622,1000),(196,'2015-03-25 13:26:37',847,1000),(197,'2015-03-26 13:26:37',71,1000),(198,'2015-03-27 13:26:37',914,1000),(199,'2015-03-28 13:26:37',115,1000),(200,'2015-03-29 13:26:37',395,1000),(201,'2015-03-30 13:26:37',985,1000),(202,'2015-03-31 13:26:37',619,1000),(203,'2015-04-01 13:26:37',208,1000),(204,'2015-04-02 13:26:37',929,1000),(205,'2015-04-03 13:26:37',259,1000),(206,'2015-04-04 13:26:37',51,1000),(207,'2015-04-05 13:26:37',660,1000),(208,'2015-04-06 13:26:37',213,1000),(209,'2015-04-07 13:26:37',53,1000),(210,'2015-04-08 13:26:37',130,1000),(211,'2015-04-09 13:26:37',974,1000),(212,'2015-04-10 13:26:37',565,1000),(213,'2015-04-11 13:26:37',391,1000),(214,'2015-04-12 13:26:37',12,1000),(215,'2015-04-13 13:26:37',38,1000),(216,'2015-04-14 13:26:37',179,1000),(217,'2015-04-15 13:26:37',35,1000),(218,'2015-04-16 13:26:37',939,1000),(219,'2015-04-17 13:26:37',945,1000),(220,'2015-04-18 13:26:37',824,1000),(221,'2015-04-19 13:26:37',862,1000),(222,'2015-04-20 13:26:37',432,1000),(223,'2015-04-21 13:26:37',61,1000),(224,'2015-04-22 13:26:37',159,1000),(225,'2015-04-23 13:26:37',578,1000),(226,'2015-04-24 13:26:37',946,1000),(227,'2015-04-25 13:26:37',598,1000),(228,'2015-04-26 13:26:37',466,1000),(229,'2015-04-27 13:26:37',736,1000),(230,'2015-04-28 13:26:37',772,1000),(231,'2015-04-29 13:26:37',298,1000),(232,'2015-04-30 13:26:37',481,1000),(233,'2015-05-01 13:26:37',852,1000),(234,'2015-05-02 13:26:37',425,1000),(235,'2015-05-03 13:26:37',371,1000),(236,'2015-05-04 13:26:37',385,1000),(237,'2015-05-05 13:26:37',883,1000),(238,'2015-05-06 13:26:37',196,1000),(239,'2015-05-07 13:26:37',462,1000),(240,'2015-05-08 13:26:37',711,1000),(241,'2015-05-09 13:26:37',432,1000),(242,'2015-05-10 13:26:37',845,1000),(243,'2015-05-11 13:26:37',298,1000),(244,'2015-05-12 13:26:37',105,1000),(245,'2015-05-13 13:26:37',842,1000),(246,'2015-05-14 13:26:37',668,1000),(247,'2015-05-15 13:26:37',584,1000),(248,'2015-05-16 13:26:37',408,1000),(249,'2015-05-17 13:26:37',765,1000),(250,'2015-05-18 13:26:37',245,1000),(251,'2015-05-19 13:26:37',920,1000),(252,'2015-05-20 13:26:37',493,1000),(253,'2015-05-21 13:26:37',888,1000),(254,'2015-05-22 13:26:37',272,1000),(255,'2015-05-23 13:26:37',752,1000),(256,'2015-05-24 13:26:37',657,1000),(257,'2015-05-25 13:26:37',253,1000),(258,'2015-05-26 13:26:37',791,1000),(259,'2015-05-27 13:26:37',856,1000),(260,'2015-05-28 13:26:37',126,1000),(261,'2015-05-29 13:26:37',984,1000),(262,'2015-05-30 13:26:37',968,1000),(263,'2015-05-31 13:26:37',435,1000),(264,'2015-06-01 13:26:37',434,1000),(265,'2015-06-02 13:26:37',325,1000),(266,'2015-06-03 13:26:37',371,1000),(267,'2015-06-04 13:26:37',696,1000),(268,'2015-06-05 13:26:37',979,1000),(269,'2015-06-06 13:26:37',599,1000),(270,'2015-06-07 13:26:37',299,1000),(271,'2015-06-08 13:26:37',664,1000),(272,'2015-06-09 13:26:37',101,1000),(273,'2015-06-10 13:26:37',51,1000),(274,'2015-06-11 13:26:37',340,1000),(275,'2015-06-12 13:26:37',97,1000),(276,'2015-06-13 13:26:37',365,1000),(277,'2015-06-14 13:26:37',592,1000),(278,'2015-06-15 13:26:37',766,1000),(279,'2015-06-16 13:26:37',576,1000),(280,'2015-06-17 13:26:37',585,1000),(281,'2015-06-18 13:26:37',146,1000),(282,'2015-06-19 13:26:37',778,1000),(283,'2015-06-20 13:26:37',228,1000),(284,'2015-06-21 13:26:37',299,1000),(285,'2015-06-22 13:26:37',604,1000),(286,'2015-06-23 13:26:37',879,1000),(287,'2015-06-24 13:26:37',112,1000),(288,'2015-06-25 13:26:37',35,1000),(289,'2015-06-26 13:26:37',445,1000),(290,'2015-06-27 13:26:37',880,1000),(291,'2015-06-28 13:26:37',962,1000),(292,'2015-06-29 13:26:37',719,1000),(293,'2015-06-30 13:26:37',687,1000),(294,'2015-07-01 13:26:37',97,1000),(295,'2015-07-02 13:26:37',868,1000),(296,'2015-07-03 13:26:37',20,1000),(297,'2015-07-04 13:26:37',169,1000),(298,'2015-07-05 13:26:37',337,1000),(299,'2015-07-06 13:26:37',465,1000),(300,'2015-07-07 13:26:37',230,1000),(301,'2015-07-08 13:26:37',118,1000),(302,'2015-07-09 13:26:37',175,1000),(303,'2015-07-10 13:26:37',385,1000),(304,'2015-07-11 13:26:37',554,1000),(305,'2015-07-12 13:26:37',584,1000),(306,'2015-07-13 13:26:37',820,1000),(307,'2015-07-14 13:26:37',56,1000),(308,'2015-07-15 13:26:37',297,1000),(309,'2015-07-16 13:26:37',599,1000),(310,'2015-07-17 13:26:37',630,1000),(311,'2015-07-18 13:26:37',380,1000),(312,'2015-07-19 13:26:37',509,1000),(313,'2015-07-20 13:26:37',860,1000),(314,'2015-07-21 13:26:37',929,1000),(315,'2015-07-22 13:26:37',512,1000),(316,'2015-07-23 13:26:37',84,1000),(317,'2015-07-24 13:26:37',307,1000),(318,'2015-07-25 13:26:37',333,1000),(319,'2015-07-26 13:26:37',708,1000),(320,'2015-07-27 13:26:37',216,1000),(321,'2015-07-28 13:26:37',239,1000),(322,'2015-07-29 13:26:37',236,1000),(323,'2015-07-30 13:26:37',188,1000),(324,'2015-07-31 13:26:37',325,1000),(325,'2015-08-01 13:26:37',500,1000),(326,'2015-08-02 13:26:37',451,1000),(327,'2015-08-03 13:26:37',59,1000),(328,'2015-08-04 13:26:37',299,1000),(329,'2015-08-05 13:26:37',822,1000),(330,'2015-08-06 13:26:37',253,1000),(331,'2015-08-07 13:26:37',604,1000),(332,'2015-08-08 13:26:37',945,1000),(333,'2015-08-09 13:26:37',641,1000),(334,'2015-08-10 13:26:37',239,1000),(335,'2015-08-11 13:26:37',662,1000),(336,'2015-08-12 13:26:37',48,1000),(337,'2015-08-13 13:26:37',570,1000),(338,'2015-08-14 13:26:37',479,1000),(339,'2015-08-15 13:26:37',403,1000),(340,'2015-08-16 13:26:37',327,1000),(341,'2015-08-17 13:26:37',230,1000),(342,'2015-08-18 13:26:37',416,1000),(343,'2015-08-19 13:26:37',527,1000),(344,'2015-08-20 13:26:37',881,1000),(345,'2015-08-21 13:26:37',344,1000),(346,'2015-08-22 13:26:37',849,1000),(347,'2015-08-23 13:26:37',811,1000),(348,'2015-08-24 13:26:37',418,1000),(349,'2015-08-25 13:26:37',822,1000),(350,'2015-08-26 13:26:37',106,1000),(351,'2015-08-27 13:26:37',972,1000),(352,'2015-08-28 13:26:37',694,1000),(353,'2015-08-29 13:26:37',72,1000),(354,'2015-08-30 13:26:37',234,1000),(355,'2015-08-31 13:26:37',998,1000),(356,'2015-09-01 13:26:37',84,1000),(357,'2015-09-02 13:26:37',926,1000),(358,'2015-09-03 13:26:37',598,1000),(359,'2015-09-04 13:26:37',483,1000),(360,'2015-09-05 13:26:37',150,1000),(361,'2015-09-06 13:26:37',369,1000),(362,'2015-09-07 13:26:37',825,1000),(363,'2015-09-08 13:26:37',991,1000),(364,'2015-09-09 13:26:37',408,1000),(365,'2015-09-10 13:26:37',742,1000),(366,'2015-09-11 13:26:37',396,1000),(367,'2015-09-12 13:26:37',153,1000),(368,'2015-09-13 13:26:37',210,1000),(369,'2015-09-14 13:26:37',196,1000),(370,'2015-09-15 13:26:37',541,1000),(371,'2015-09-16 13:26:37',25,1000),(372,'2015-09-17 13:26:37',844,1000),(373,'2015-09-18 13:26:37',952,1000),(374,'2015-09-19 13:26:37',310,1000),(375,'2015-09-20 13:26:37',226,1000),(376,'2015-09-21 13:26:37',456,1000),(377,'2015-09-22 13:26:37',389,1000),(378,'2015-09-23 13:26:37',796,1000),(379,'2015-09-24 13:26:37',478,1000),(380,'2015-09-25 13:26:37',407,1000),(381,'2015-09-26 13:26:37',7,1000),(382,'2015-09-27 13:26:37',570,1000),(383,'2015-09-28 13:26:37',526,1000),(384,'2015-09-29 13:26:37',2,1000),(385,'2015-09-30 13:26:37',141,1000),(386,'2015-10-01 13:26:37',271,1000),(387,'2015-10-02 13:26:37',790,1000),(388,'2015-10-03 13:26:37',322,1000),(389,'2015-10-04 13:26:37',632,1000),(390,'2015-10-05 13:26:37',207,1000),(391,'2015-10-06 13:26:37',778,1000),(392,'2015-10-07 13:26:37',54,1000),(393,'2015-10-08 13:26:37',766,1000),(394,'2015-10-09 13:26:37',521,1000),(395,'2015-10-10 13:26:37',4,1000),(396,'2015-10-11 13:26:37',812,1000),(397,'2015-10-12 13:26:37',499,1000),(398,'2015-10-13 13:26:37',176,1000),(399,'2015-10-14 13:26:37',93,1000),(400,'2015-10-15 13:26:37',408,1000),(401,'2015-10-16 13:26:37',332,1000),(402,'2015-10-17 13:26:37',557,1000),(403,'2015-10-18 13:26:37',829,1000),(404,'2015-10-19 13:26:37',951,1000),(405,'2015-10-20 13:26:37',276,1000),(406,'2015-10-21 13:26:37',979,1000),(407,'2015-10-22 13:26:37',139,1000),(408,'2015-10-23 13:26:37',446,1000),(409,'2015-10-24 13:26:37',985,1000),(410,'2015-10-25 13:26:37',753,1000),(411,'2015-10-26 13:26:37',365,1000),(412,'2015-10-27 13:26:37',752,1000),(413,'2015-10-28 13:26:37',503,1000),(414,'2015-10-29 13:26:37',761,1000),(415,'2015-10-30 13:26:37',773,1000),(416,'2015-10-31 13:26:37',425,1000),(417,'2015-11-01 13:26:37',63,1000),(418,'2015-11-02 13:26:37',687,1000),(419,'2015-11-03 13:26:37',885,1000),(420,'2015-11-04 13:26:37',920,1000),(421,'2015-11-05 13:26:37',18,1000),(422,'2015-11-06 13:26:37',120,1000),(423,'2015-11-07 13:26:37',136,1000),(424,'2015-11-08 13:26:37',117,1000),(425,'2015-11-09 13:26:37',316,1000),(426,'2015-11-10 13:26:37',797,1000),(427,'2015-11-11 13:26:37',323,1000),(428,'2015-11-12 13:26:37',944,1000),(429,'2015-11-13 13:26:37',871,1000),(430,'2015-11-14 13:26:37',124,1000),(431,'2015-11-15 13:26:37',507,1000),(432,'2015-11-16 13:26:37',86,1000),(433,'2015-11-17 13:26:37',821,1000),(434,'2015-11-18 13:26:37',947,1000),(435,'2015-11-19 13:26:37',359,1000),(436,'2015-11-20 13:26:37',463,1000),(437,'2015-11-21 13:26:37',946,1000),(438,'2015-11-22 13:26:37',275,1000),(439,'2015-11-23 13:26:37',401,1000),(440,'2015-11-24 13:26:37',171,1000),(441,'2015-11-25 13:26:37',424,1000),(442,'2015-11-26 13:26:37',274,1000),(443,'2015-11-27 13:26:37',245,1000),(444,'2015-11-28 13:26:37',60,1000),(445,'2015-11-29 13:26:37',745,1000),(446,'2015-11-30 13:26:37',393,1000),(447,'2015-12-01 13:26:37',723,1000),(448,'2015-12-02 13:26:37',968,1000),(449,'2015-12-03 13:26:37',789,1000),(450,'2015-12-04 13:26:37',930,1000),(451,'2015-12-05 13:26:37',765,1000),(452,'2015-12-06 13:26:37',935,1000),(453,'2015-12-07 13:26:37',36,1000),(454,'2015-12-08 13:26:37',680,1000),(455,'2015-12-09 13:26:37',952,1000),(456,'2015-12-10 13:26:37',352,1000),(457,'2015-12-11 13:26:37',388,1000),(458,'2015-12-12 13:26:37',585,1000),(459,'2015-12-13 13:26:37',982,1000),(460,'2015-12-14 13:26:37',119,1000),(461,'2015-12-15 13:26:37',330,1000),(462,'2015-12-16 13:26:37',438,1000),(463,'2015-12-17 13:26:37',665,1000),(464,'2015-12-18 13:26:37',361,1000),(465,'2015-12-19 13:26:37',14,1000),(466,'2015-12-20 13:26:37',793,1000),(467,'2015-12-21 13:26:37',658,1000),(468,'2015-12-22 13:26:37',149,1000),(469,'2015-12-23 13:26:37',386,1000),(470,'2015-12-24 13:26:37',177,1000),(471,'2015-12-25 13:26:37',891,1000),(472,'2015-12-26 13:26:37',969,1000),(473,'2015-12-27 13:26:37',649,1000),(474,'2015-12-28 13:26:37',596,1000),(475,'2015-12-29 13:26:37',489,1000),(476,'2015-12-30 13:26:37',400,1000),(477,'2015-12-31 13:26:37',213,1000),(478,'2016-01-01 13:26:37',117,1000),(479,'2016-01-02 13:26:37',83,1000),(480,'2016-01-03 13:26:37',569,1000),(481,'2016-01-04 13:26:37',765,1000),(482,'2016-01-05 13:26:37',978,1000),(483,'2016-01-06 13:26:37',563,1000),(484,'2016-01-07 13:26:37',478,1000),(485,'2016-01-08 13:26:37',254,1000),(486,'2016-01-09 13:26:37',307,1000),(487,'2016-01-10 13:26:37',716,1000),(488,'2016-01-11 13:26:37',207,1000),(489,'2016-01-12 13:26:37',394,1000),(490,'2016-01-13 13:26:37',18,1000),(491,'2016-01-14 13:26:37',674,1000),(492,'2016-01-15 13:26:37',366,1000),(493,'2016-01-16 13:26:37',740,1000),(494,'2016-01-17 13:26:37',853,1000),(495,'2016-01-18 13:26:37',791,1000),(496,'2016-01-19 13:26:37',862,1000),(497,'2016-01-20 13:26:37',553,1000),(498,'2016-01-21 13:26:37',884,1000),(499,'2016-01-22 13:26:37',384,1000),(500,'2016-01-23 13:26:37',236,1000),(501,'2016-01-24 13:26:37',390,1000),(502,'2016-01-25 13:26:37',998,1000),(503,'2016-01-26 13:26:37',748,1000),(504,'2016-01-27 13:26:37',341,1000),(505,'2016-01-28 13:26:37',848,1000),(506,'2016-01-29 13:26:37',998,1000),(507,'2016-01-30 13:26:37',996,1000),(508,'2016-01-31 13:26:37',117,1000),(509,'2016-02-01 13:26:37',938,1000),(510,'2016-02-02 13:26:37',39,1000),(511,'2016-02-03 13:26:37',583,1000),(512,'2016-02-04 13:26:37',569,1000),(513,'2016-02-05 13:26:37',340,1000),(514,'2016-02-06 13:26:37',5,1000),(515,'2016-02-07 13:26:37',804,1000),(516,'2016-02-08 13:26:37',826,1000),(517,'2016-02-09 13:26:37',177,1000),(518,'2016-02-10 13:26:37',319,1000),(519,'2016-02-11 13:26:37',163,1000),(520,'2016-02-12 13:26:37',340,1000),(521,'2016-02-13 13:26:37',12,1000),(522,'2016-02-14 13:26:37',417,1000),(523,'2016-02-15 13:26:37',296,1000),(524,'2016-02-16 13:26:37',860,1000),(525,'2016-02-17 13:26:37',489,1000),(526,'2016-02-18 13:26:37',783,1000),(527,'2016-02-19 13:26:37',20,1000),(528,'2016-02-20 13:26:37',820,1000),(529,'2016-02-21 13:26:37',411,1000),(530,'2016-02-22 13:26:37',13,1000),(531,'2016-02-23 13:26:37',174,1000),(532,'2016-02-24 13:26:37',152,1000),(533,'2016-02-25 13:26:37',64,1000),(534,'2016-02-26 13:26:37',832,1000),(535,'2016-02-27 13:26:37',148,1000),(536,'2016-02-28 13:26:37',362,1000),(537,'2016-02-29 13:26:37',306,1000),(538,'2016-03-01 13:26:37',398,1000),(539,'2016-03-02 13:26:37',366,1000),(540,'2016-03-03 13:26:37',891,1000),(541,'2016-03-04 13:26:37',258,1000),(542,'2016-03-05 13:26:37',478,1000),(543,'2016-03-06 13:26:37',566,1000),(544,'2016-03-07 13:26:37',425,1000),(545,'2016-03-08 13:26:37',432,1000),(546,'2016-03-09 13:26:37',306,1000),(547,'2016-03-10 13:26:37',391,1000),(548,'2016-03-11 13:26:37',805,1000),(549,'2016-03-12 13:26:37',809,1000),(550,'2016-03-13 13:26:37',12,1000),(551,'2016-03-14 13:26:37',664,1000),(552,'2016-03-15 13:26:37',651,1000),(553,'2016-03-16 13:26:37',659,1000),(554,'2016-03-17 13:26:37',517,1000),(555,'2016-03-18 13:26:37',757,1000),(556,'2016-03-19 13:26:37',609,1000),(557,'2016-03-20 13:26:37',865,1000),(558,'2016-03-21 13:26:37',707,1000),(559,'2016-03-22 13:26:37',607,1000),(560,'2016-03-23 13:26:37',407,1000),(561,'2016-03-24 13:26:37',176,1000),(562,'2016-03-25 13:26:37',514,1000),(563,'2016-03-26 13:26:37',258,1000),(564,'2016-03-27 13:26:37',522,1000),(565,'2016-03-28 13:26:37',17,1000),(566,'2016-03-29 13:26:37',258,1000),(567,'2016-03-30 13:26:37',321,1000),(568,'2016-03-31 13:26:37',327,1000),(569,'2016-04-01 13:26:37',504,1000),(570,'2016-04-02 13:26:37',221,1000),(571,'2016-04-03 13:26:37',328,1000),(572,'2016-04-04 13:26:37',42,1000),(573,'2016-04-05 13:26:37',819,1000),(574,'2016-04-06 13:26:37',981,1000),(575,'2016-04-07 13:26:37',814,1000),(576,'2016-04-08 13:26:37',674,1000),(577,'2016-04-09 13:26:37',433,1000),(578,'2016-04-10 13:26:37',457,1000),(579,'2016-04-11 13:26:37',845,1000),(580,'2016-04-12 13:26:37',405,1000),(581,'2016-04-13 13:26:37',478,1000),(582,'2016-04-14 13:26:37',982,1000),(583,'2016-04-15 13:26:37',873,1000),(584,'2016-04-16 13:26:37',561,1000),(585,'2016-04-17 13:26:37',215,1000),(586,'2016-04-18 13:26:37',955,1000),(587,'2016-04-19 13:26:37',28,1000),(588,'2016-04-20 13:26:37',390,1000),(589,'2016-04-21 13:26:37',689,1000),(590,'2016-04-22 13:26:37',806,1000),(591,'2016-04-23 13:26:37',385,1000),(592,'2016-04-24 13:26:37',333,1000),(593,'2016-04-25 13:26:37',587,1000),(594,'2016-04-26 13:26:37',63,1000),(595,'2016-04-27 13:26:37',323,1000),(596,'2016-04-28 13:26:37',418,1000),(597,'2016-04-29 13:26:37',809,1000),(598,'2016-04-30 13:26:37',284,1000),(599,'2016-05-01 13:26:37',821,1000),(600,'2016-05-02 13:26:37',661,1000),(601,'2016-05-03 13:26:37',464,1000),(602,'2016-05-04 13:26:37',496,1000),(603,'2016-05-05 13:26:37',420,1000),(604,'2016-05-06 13:26:37',96,1000),(605,'2016-05-07 13:26:37',836,1000),(606,'2016-05-08 13:26:37',585,1000),(607,'2016-05-09 13:26:37',637,1000),(608,'2016-05-10 13:26:37',155,1000),(609,'2016-05-11 13:26:37',376,1000),(610,'2016-05-12 13:26:37',742,1000),(611,'2016-05-13 13:26:37',798,1000),(612,'2016-05-14 13:26:37',652,1000),(613,'2016-05-15 13:26:37',896,1000),(614,'2016-05-16 13:26:37',702,1000),(615,'2016-05-17 13:26:37',626,1000),(616,'2016-05-18 13:26:37',536,1000),(617,'2016-05-19 13:26:37',998,1000),(618,'2016-05-20 13:26:37',994,1000),(619,'2016-05-21 13:26:37',442,1000),(620,'2016-05-22 13:26:37',928,1000),(621,'2016-05-23 13:26:37',193,1000),(622,'2016-05-24 13:26:37',852,1000),(623,'2016-05-25 13:26:37',473,1000),(624,'2016-05-26 13:26:37',680,1000),(625,'2016-05-27 13:26:37',323,1000),(626,'2016-05-28 13:26:37',718,1000),(627,'2016-05-29 13:26:37',627,1000),(628,'2016-05-30 13:26:37',855,1000),(629,'2016-05-31 13:26:37',637,1000),(630,'2016-06-01 13:26:37',551,1000),(631,'2016-06-02 13:26:37',48,1000),(632,'2016-06-03 13:26:37',68,1000),(633,'2016-06-04 13:26:37',352,1000),(634,'2016-06-05 13:26:37',218,1000),(635,'2016-06-06 13:26:37',909,1000),(636,'2016-06-07 13:26:37',589,1000),(637,'2016-06-08 13:26:37',593,1000),(638,'2016-06-09 13:26:37',332,1000),(639,'2016-06-10 13:26:37',202,1000),(640,'2016-06-11 13:26:37',468,1000),(641,'2016-06-12 13:26:37',344,1000),(642,'2016-06-13 13:26:37',817,1000),(643,'2016-06-14 13:26:37',726,1000),(644,'2016-06-15 13:26:37',736,1000),(645,'2016-06-16 13:26:37',481,1000),(646,'2016-06-17 13:26:37',344,1000),(647,'2016-06-18 13:26:37',81,1000),(648,'2016-06-19 13:26:37',869,1000),(649,'2016-06-20 13:26:37',983,1000),(650,'2016-06-21 13:26:37',511,1000),(651,'2016-06-22 13:26:37',247,1000);
/*!40000 ALTER TABLE `day_form` ENABLE KEYS */;
UNLOCK TABLES;

--
-- Table structure for table `deliver_company`
--

DROP TABLE IF EXISTS `deliver_company`;
/*!40101 SET @saved_cs_client     = @@character_set_client */;
/*!40101 SET character_set_client = utf8 */;
CREATE TABLE `deliver_company` (
  `id` int(11) NOT NULL,
  `company_id` varchar(255) NOT NULL,
  `name` varchar(255) NOT NULL,
  PRIMARY KEY (`id`),
  UNIQUE KEY `UK_jrjh8d3l6v4h2238djco2no3c` (`company_id`),
  UNIQUE KEY `UK_t9ev59h3sta2cyfedlt1pasqo` (`name`)
) ENGINE=MyISAM DEFAULT CHARSET=utf8;
/*!40101 SET character_set_client = @saved_cs_client */;

--
-- Dumping data for table `deliver_company`
--

LOCK TABLES `deliver_company` WRITE;
/*!40000 ALTER TABLE `deliver_company` DISABLE KEYS */;
INSERT INTO `deliver_company` VALUES (1000,'200','韵达');
/*!40000 ALTER TABLE `deliver_company` ENABLE KEYS */;
UNLOCK TABLES;

--
-- Table structure for table `deliver_company_bill`
--

DROP TABLE IF EXISTS `deliver_company_bill`;
/*!40101 SET @saved_cs_client     = @@character_set_client */;
/*!40101 SET character_set_client = utf8 */;
CREATE TABLE `deliver_company_bill` (
  `id` int(11) NOT NULL,
  `month` int(11) NOT NULL,
  `package_sum` int(11) NOT NULL,
  `paid` bit(1) NOT NULL,
  `per_package_fee` double NOT NULL,
  `per_proxy_charge_fee` double NOT NULL,
  `proxy_charge_times` int(11) NOT NULL,
  `year` int(11) NOT NULL,
  `mCompany_id` int(11) DEFAULT NULL,
  PRIMARY KEY (`id`),
  KEY `FKo3f4x7cueyrvxuj9wllnlnvcu` (`mCompany_id`)
) ENGINE=MyISAM DEFAULT CHARSET=utf8;
/*!40101 SET character_set_client = @saved_cs_client */;

--
-- Dumping data for table `deliver_company_bill`
--

LOCK TABLES `deliver_company_bill` WRITE;
/*!40000 ALTER TABLE `deliver_company_bill` DISABLE KEYS */;
/*!40000 ALTER TABLE `deliver_company_bill` ENABLE KEYS */;
UNLOCK TABLES;

--
-- Table structure for table `employee`
--

DROP TABLE IF EXISTS `employee`;
/*!40101 SET @saved_cs_client     = @@character_set_client */;
/*!40101 SET character_set_client = utf8 */;
CREATE TABLE `employee` (
  `id` int(11) NOT NULL,
  `age` int(11) NOT NULL,
  `employee_id` varchar(255) NOT NULL,
  `entering_time` datetime NOT NULL,
  `gender` bit(1) DEFAULT NULL,
  `name` varchar(255) NOT NULL,
  `phone` varchar(255) DEFAULT NULL,
  `pwd` varchar(255) NOT NULL,
  `salary` float NOT NULL,
  `mPoint_id` int(11) DEFAULT NULL,
  PRIMARY KEY (`id`),
  UNIQUE KEY `UK_mc5x07dj0uft9opsxchp0uwji` (`employee_id`),
  KEY `FKfkx1726g0w5aca8nkqjc39b0p` (`mPoint_id`)
) ENGINE=MyISAM DEFAULT CHARSET=utf8;
/*!40101 SET character_set_client = @saved_cs_client */;

--
-- Dumping data for table `employee`
--

LOCK TABLES `employee` WRITE;
/*!40000 ALTER TABLE `employee` DISABLE KEYS */;
INSERT INTO `employee` VALUES (737,44,'1452716','2017-06-14 14:08:12','','张尹嘉','214748364701','$2a$10$bKnoqQYUn19.jhHBgF7KE.CE1KvlrgRi8Qr8AkxpiB7UsbTeK.Uly',7394,1000);
/*!40000 ALTER TABLE `employee` ENABLE KEYS */;
UNLOCK TABLES;

--
-- Table structure for table `employee_position`
--

DROP TABLE IF EXISTS `employee_position`;
/*!40101 SET @saved_cs_client     = @@character_set_client */;
/*!40101 SET character_set_client = utf8 */;
CREATE TABLE `employee_position` (
  `Employee_id` int(11) NOT NULL,
  `mPosition_id` int(11) NOT NULL,
  KEY `FK493485f4jleonj2s1vxlb0ahk` (`mPosition_id`),
  KEY `FK2rr37bam2m6qn676wp18qeui8` (`Employee_id`)
) ENGINE=MyISAM DEFAULT CHARSET=utf8;
/*!40101 SET character_set_client = @saved_cs_client */;

--
-- Dumping data for table `employee_position`
--

LOCK TABLES `employee_position` WRITE;
/*!40000 ALTER TABLE `employee_position` DISABLE KEYS */;
INSERT INTO `employee_position` VALUES (737,100);
/*!40000 ALTER TABLE `employee_position` ENABLE KEYS */;
UNLOCK TABLES;

--
-- Table structure for table `hibernate_sequence`
--

DROP TABLE IF EXISTS `hibernate_sequence`;
/*!40101 SET @saved_cs_client     = @@character_set_client */;
/*!40101 SET character_set_client = utf8 */;
CREATE TABLE `hibernate_sequence` (
  `next_val` bigint(20) DEFAULT NULL
) ENGINE=MyISAM DEFAULT CHARSET=utf8;
/*!40101 SET character_set_client = @saved_cs_client */;

--
-- Dumping data for table `hibernate_sequence`
--

LOCK TABLES `hibernate_sequence` WRITE;
/*!40000 ALTER TABLE `hibernate_sequence` DISABLE KEYS */;
INSERT INTO `hibernate_sequence` VALUES (739),(739),(739),(739),(739),(739),(739),(739),(739),(739),(739),(739),(739),(739),(739),(739),(739);
/*!40000 ALTER TABLE `hibernate_sequence` ENABLE KEYS */;
UNLOCK TABLES;

--
-- Table structure for table `hour_form`
--

DROP TABLE IF EXISTS `hour_form`;
/*!40101 SET @saved_cs_client     = @@character_set_client */;
/*!40101 SET character_set_client = utf8 */;
CREATE TABLE `hour_form` (
  `id` int(11) NOT NULL,
  `date` date NOT NULL,
  `sum` int(11) NOT NULL,
  `mCompany_id` int(11) DEFAULT NULL,
  PRIMARY KEY (`id`),
  KEY `FKppuggn9wdfqsyl3od712pkhpr` (`mCompany_id`)
) ENGINE=MyISAM DEFAULT CHARSET=utf8;
/*!40101 SET character_set_client = @saved_cs_client */;

--
-- Dumping data for table `hour_form`
--

LOCK TABLES `hour_form` WRITE;
/*!40000 ALTER TABLE `hour_form` DISABLE KEYS */;
/*!40000 ALTER TABLE `hour_form` ENABLE KEYS */;
UNLOCK TABLES;

--
-- Table structure for table `month_form`
--

DROP TABLE IF EXISTS `month_form`;
/*!40101 SET @saved_cs_client     = @@character_set_client */;
/*!40101 SET character_set_client = utf8 */;
CREATE TABLE `month_form` (
  `id` int(11) NOT NULL,
  `date` date NOT NULL,
  `sum` int(11) NOT NULL,
  `mCompany_id` int(11) DEFAULT NULL,
  PRIMARY KEY (`id`),
  KEY `FKapkb8qjf0vnbof1hs4kqqkucd` (`mCompany_id`)
) ENGINE=MyISAM DEFAULT CHARSET=utf8;
/*!40101 SET character_set_client = @saved_cs_client */;

--
-- Dumping data for table `month_form`
--

LOCK TABLES `month_form` WRITE;
/*!40000 ALTER TABLE `month_form` DISABLE KEYS */;
/*!40000 ALTER TABLE `month_form` ENABLE KEYS */;
UNLOCK TABLES;

--
-- Table structure for table `package`
--

DROP TABLE IF EXISTS `package`;
/*!40101 SET @saved_cs_client     = @@character_set_client */;
/*!40101 SET character_set_client = utf8 */;
CREATE TABLE `package` (
  `id` int(11) NOT NULL,
  `cup_shelf` bit(1) NOT NULL,
  `package_id` varchar(255) NOT NULL,
  `proxy_charge_fee` double DEFAULT NULL,
  `receive_time` datetime DEFAULT NULL,
  `receiver_name` varchar(255) NOT NULL,
  `receiver_tele` varchar(255) NOT NULL,
  `taken` bit(1) NOT NULL,
  `taken_time` datetime DEFAULT NULL,
  `mCompany_id` int(11) DEFAULT NULL,
  `mPosition_id` int(11) DEFAULT NULL,
  PRIMARY KEY (`id`),
  UNIQUE KEY `UK_rvy1mv8urnl3olg9raur8tjn9` (`package_id`),
  KEY `FK7deiipywmrc6e649s8l75nq8p` (`mCompany_id`),
  KEY `FKm3w8563f3rr4n6xi3hl8xsvhy` (`mPosition_id`)
) ENGINE=MyISAM DEFAULT CHARSET=utf8;
/*!40101 SET character_set_client = @saved_cs_client */;

--
-- Dumping data for table `package`
--

LOCK TABLES `package` WRITE;
/*!40000 ALTER TABLE `package` DISABLE KEYS */;
INSERT INTO `package` VALUES (9000,'\0','10000155',0,'2017-06-14 13:25:32','李威','18221238151','\0',NULL,1000,90001),(9001,'\0','11000155',10,'2017-06-14 13:25:32','张尹嘉','123456789','\0',NULL,1000,90002),(9002,'','20000155',0,'2017-06-14 13:25:32','王冠淞','123456789','\0',NULL,1000,90007),(2,'\0','2984050',0,'2015-11-01 13:26:37','李明','214748364701','','2017-12-01 12:00:37',1000,90001),(3,'\0','8051540',0,'2015-11-02 13:26:37','王明','214748364701','','2017-12-01 12:00:37',1000,90002),(4,'','7343490',0,'2015-11-03 13:26:37','王佳琦','214748364701','','2017-12-01 12:00:37',1000,90003),(5,'','2781420',0,'2015-11-04 13:26:37','李普凡','214748364701','','2017-12-01 12:00:37',1000,90004),(6,'','1616350',0,'2015-11-05 13:26:37','任浩然','214748364701','','2017-12-01 12:00:37',1000,90005),(7,'','8702810',0,'2015-11-06 13:26:37','杜翼超','214748364701','','2017-12-01 12:00:37',1000,90006),(8,'','6231810',0,'2015-11-07 13:26:37','李明','214748364701','','2017-12-01 12:00:37',1000,90007),(9,'','6355520',0,'2015-11-08 13:26:37','王明','214748364701','','2017-12-01 12:00:37',1000,90008),(10,'','7944100',0,'2015-11-09 13:26:37','王佳琦','214748364701','','2017-12-01 12:00:37',1000,90009),(11,'','365710',0,'2015-11-10 13:26:37','李普凡','214748364701','','2017-12-01 12:00:37',1000,90010),(12,'','7379290',0,'2015-11-11 13:26:37','任浩然','214748364701','','2017-12-01 12:00:37',1000,90011),(13,'','6462490',0,'2015-11-12 13:26:37','杜翼超','214748364701','','2017-12-01 12:00:37',1000,90012),(14,'','9931910',0,'2015-11-13 13:26:37','李明','214748364701','','2017-12-01 12:00:37',1000,90001),(15,'','6598400',0,'2015-11-14 13:26:37','王明','214748364701','','2017-12-01 12:00:37',1000,90002),(16,'','7266030',0,'2015-11-15 13:26:37','王佳琦','214748364701','','2017-12-01 12:00:37',1000,90003),(17,'','5742140',0,'2015-11-16 13:26:37','李普凡','214748364701','','2017-12-01 12:00:37',1000,90004),(18,'','4068540',0,'2015-11-17 13:26:37','任浩然','214748364701','','2017-12-01 12:00:37',1000,90005),(19,'','7085740',0,'2015-11-18 13:26:37','杜翼超','214748364701','','2017-12-01 12:00:37',1000,90006),(20,'','6157110',0,'2015-11-19 13:26:37','李明','214748364701','','2017-12-01 12:00:37',1000,90007),(21,'','4644940',0,'2015-11-20 13:26:37','王明','214748364701','','2017-12-01 12:00:37',1000,90008),(22,'','1563120',0,'2015-11-21 13:26:37','王佳琦','214748364701','','2017-12-01 12:00:37',1000,90009),(23,'','3529910',0,'2015-11-22 13:26:37','李普凡','214748364701','','2017-12-01 12:00:37',1000,90010),(24,'','5789640',0,'2015-11-23 13:26:37','任浩然','214748364701','','2017-12-01 12:00:37',1000,90011),(25,'','8525320',0,'2015-11-24 13:26:37','杜翼超','214748364701','','2017-12-01 12:00:37',1000,90012),(26,'','6087500',0,'2015-11-25 13:26:37','李明','214748364701','','2017-12-01 12:00:37',1000,90001),(27,'','1042130',0,'2015-11-26 13:26:37','王明','214748364701','','2017-12-01 12:00:37',1000,90002),(28,'','7297210',0,'2015-11-27 13:26:37','王佳琦','214748364701','','2017-12-01 12:00:37',1000,90003),(29,'','2990020',0,'2015-11-28 13:26:37','李普凡','214748364701','','2017-12-01 12:00:37',1000,90004),(30,'','3572310',0,'2015-11-29 13:26:37','任浩然','214748364701','','2017-12-01 12:00:37',1000,90005),(31,'','3668300',0,'2015-11-30 13:26:37','杜翼超','214748364701','','2017-12-01 12:00:37',1000,90006),(32,'','6129630',0,'2015-12-01 13:26:37','李明','214748364701','','2017-12-01 12:00:37',1000,90007),(33,'','2384190',0,'2015-12-02 13:26:37','王明','214748364701','','2017-12-01 12:00:37',1000,90008),(34,'','7064750',0,'2015-12-03 13:26:37','王佳琦','214748364701','','2017-12-01 12:00:37',1000,90009),(35,'','5181400',0,'2015-12-04 13:26:37','李普凡','214748364701','','2017-12-01 12:00:37',1000,90010),(36,'','3225670',0,'2015-12-05 13:26:37','任浩然','214748364701','','2017-12-01 12:00:37',1000,90011),(37,'','8798240',0,'2015-12-06 13:26:37','杜翼超','214748364701','','2017-12-01 12:00:37',1000,90012),(38,'','2155780',0,'2015-12-07 13:26:37','李明','214748364701','','2017-12-01 12:00:37',1000,90001),(39,'','8773300',0,'2015-12-08 13:26:37','王明','214748364701','','2017-12-01 12:00:37',1000,90002),(40,'','4196700',0,'2015-12-09 13:26:37','王佳琦','214748364701','','2017-12-01 12:00:37',1000,90003),(41,'','1477980',0,'2015-12-10 13:26:37','李普凡','214748364701','','2017-12-01 12:00:37',1000,90004),(42,'','984660',0,'2015-12-11 13:26:37','任浩然','214748364701','','2017-12-01 12:00:37',1000,90005),(43,'','1779110',0,'2015-12-12 13:26:37','杜翼超','214748364701','','2017-12-01 12:00:37',1000,90006),(44,'','778960',0,'2015-12-13 13:26:37','李明','214748364701','','2017-12-01 12:00:37',1000,90007),(45,'','9021160',0,'2015-12-14 13:26:37','王明','214748364701','','2017-12-01 12:00:37',1000,90008),(46,'','5328450',0,'2015-12-15 13:26:37','王佳琦','214748364701','','2017-12-01 12:00:37',1000,90009),(47,'','4066480',0,'2015-12-16 13:26:37','李普凡','214748364701','','2017-12-01 12:00:37',1000,90010),(48,'','1312410',0,'2015-12-17 13:26:37','任浩然','214748364701','','2017-12-01 12:00:37',1000,90011),(49,'','9242970',0,'2015-12-18 13:26:37','杜翼超','214748364701','','2017-12-01 12:00:37',1000,90012),(50,'','1784520',0,'2015-12-19 13:26:37','李明','214748364701','','2017-12-01 12:00:37',1000,90001),(51,'','1223060',0,'2015-12-20 13:26:37','王明','214748364701','','2017-12-01 12:00:37',1000,90002);
/*!40000 ALTER TABLE `package` ENABLE KEYS */;
UNLOCK TABLES;

--
-- Table structure for table `position`
--

DROP TABLE IF EXISTS `position`;
/*!40101 SET @saved_cs_client     = @@character_set_client */;
/*!40101 SET character_set_client = utf8 */;
CREATE TABLE `position` (
  `id` int(11) NOT NULL,
  `name` varchar(255) NOT NULL,
  `position_id` varchar(255) NOT NULL,
  PRIMARY KEY (`id`),
  UNIQUE KEY `UK_lsdaq4hhsuqx38nrrb191iuib` (`position_id`)
) ENGINE=MyISAM DEFAULT CHARSET=utf8;
/*!40101 SET character_set_client = @saved_cs_client */;

--
-- Dumping data for table `position`
--

LOCK TABLES `position` WRITE;
/*!40000 ALTER TABLE `position` DISABLE KEYS */;
INSERT INTO `position` VALUES (100,'管理员','01'),(200,'职员','02');
/*!40000 ALTER TABLE `position` ENABLE KEYS */;
UNLOCK TABLES;

--
-- Table structure for table `position_employee`
--

DROP TABLE IF EXISTS `position_employee`;
/*!40101 SET @saved_cs_client     = @@character_set_client */;
/*!40101 SET character_set_client = utf8 */;
CREATE TABLE `position_employee` (
  `Position_id` int(11) NOT NULL,
  `mEmployee_id` int(11) NOT NULL,
  KEY `FKtk18kq27p2w22uwegwcgvp6rj` (`mEmployee_id`),
  KEY `FKp23qvuf9yepxyjv1ocgi77saj` (`Position_id`)
) ENGINE=MyISAM DEFAULT CHARSET=utf8;
/*!40101 SET character_set_client = @saved_cs_client */;

--
-- Dumping data for table `position_employee`
--

LOCK TABLES `position_employee` WRITE;
/*!40000 ALTER TABLE `position_employee` DISABLE KEYS */;
/*!40000 ALTER TABLE `position_employee` ENABLE KEYS */;
UNLOCK TABLES;

--
-- Table structure for table `proxy_charge_record`
--

DROP TABLE IF EXISTS `proxy_charge_record`;
/*!40101 SET @saved_cs_client     = @@character_set_client */;
/*!40101 SET character_set_client = utf8 */;
CREATE TABLE `proxy_charge_record` (
  `id` int(11) NOT NULL,
  `date` datetime NOT NULL,
  `fee` double NOT NULL,
  `send_receive` bit(1) NOT NULL,
  `mPackage_id` int(11) DEFAULT NULL,
  PRIMARY KEY (`id`),
  KEY `FKnjscql7hib9ev1lgj8v0lsjcr` (`mPackage_id`)
) ENGINE=MyISAM DEFAULT CHARSET=utf8;
/*!40101 SET character_set_client = @saved_cs_client */;

--
-- Dumping data for table `proxy_charge_record`
--

LOCK TABLES `proxy_charge_record` WRITE;
/*!40000 ALTER TABLE `proxy_charge_record` DISABLE KEYS */;
INSERT INTO `proxy_charge_record` VALUES (652,'2017-06-14 13:25:32',0,'',9000),(653,'2017-06-14 13:25:32',10,'',9001),(654,'2017-06-14 13:25:32',0,'',9002),(655,'2015-11-01 13:26:37',0,'',2),(656,'2015-11-02 13:26:37',0,'',3),(657,'2015-11-03 13:26:37',0,'',4),(658,'2015-11-04 13:26:37',0,'',5),(659,'2015-11-05 13:26:37',0,'',6),(660,'2015-11-06 13:26:37',0,'',7),(661,'2015-11-07 13:26:37',0,'',8),(662,'2015-11-08 13:26:37',0,'',9),(663,'2015-11-09 13:26:37',0,'',10),(664,'2015-11-10 13:26:37',0,'',11),(665,'2015-11-11 13:26:37',0,'',12),(666,'2015-11-12 13:26:37',0,'',13),(667,'2015-11-13 13:26:37',0,'',14),(668,'2015-11-14 13:26:37',0,'',15),(669,'2015-11-15 13:26:37',0,'',16),(670,'2015-11-16 13:26:37',0,'',17),(671,'2015-11-17 13:26:37',0,'',18),(672,'2015-11-18 13:26:37',0,'',19),(673,'2015-11-19 13:26:37',0,'',20),(674,'2015-11-20 13:26:37',0,'',21),(675,'2015-11-21 13:26:37',0,'',22),(676,'2015-11-22 13:26:37',0,'',23),(677,'2015-11-23 13:26:37',0,'',24),(678,'2015-11-24 13:26:37',0,'',25),(679,'2015-11-25 13:26:37',0,'',26),(680,'2015-11-26 13:26:37',0,'',27),(681,'2015-11-27 13:26:37',0,'',28),(682,'2015-11-28 13:26:37',0,'',29),(683,'2015-11-29 13:26:37',0,'',30),(684,'2015-11-30 13:26:37',0,'',31),(685,'2015-12-01 13:26:37',0,'',32),(686,'2015-12-02 13:26:37',0,'',33),(687,'2015-12-03 13:26:37',0,'',34),(688,'2015-12-04 13:26:37',0,'',35),(689,'2015-12-05 13:26:37',0,'',36),(690,'2015-12-06 13:26:37',0,'',37),(691,'2015-12-07 13:26:37',0,'',38),(692,'2015-12-08 13:26:37',0,'',39),(693,'2015-12-09 13:26:37',0,'',40),(694,'2015-12-10 13:26:37',0,'',41),(695,'2015-12-11 13:26:37',0,'',42),(696,'2015-12-12 13:26:37',0,'',43),(697,'2015-12-13 13:26:37',0,'',44),(698,'2015-12-14 13:26:37',0,'',45),(699,'2015-12-15 13:26:37',0,'',46),(700,'2015-12-16 13:26:37',0,'',47),(701,'2015-12-17 13:26:37',0,'',48),(702,'2015-12-18 13:26:37',0,'',49),(703,'2015-12-19 13:26:37',0,'',50),(704,'2015-12-20 13:26:37',0,'',51);
/*!40000 ALTER TABLE `proxy_charge_record` ENABLE KEYS */;
UNLOCK TABLES;

--
-- Table structure for table `refuse_list`
--

DROP TABLE IF EXISTS `refuse_list`;
/*!40101 SET @saved_cs_client     = @@character_set_client */;
/*!40101 SET character_set_client = utf8 */;
CREATE TABLE `refuse_list` (
  `id` int(11) NOT NULL,
  `date` date DEFAULT NULL,
  `package_id` varchar(255) DEFAULT NULL,
  `reason` varchar(255) DEFAULT NULL,
  `time` datetime DEFAULT NULL,
  PRIMARY KEY (`id`)
) ENGINE=MyISAM DEFAULT CHARSET=utf8;
/*!40101 SET character_set_client = @saved_cs_client */;

--
-- Dumping data for table `refuse_list`
--

LOCK TABLES `refuse_list` WRITE;
/*!40000 ALTER TABLE `refuse_list` DISABLE KEYS */;
/*!40000 ALTER TABLE `refuse_list` ENABLE KEYS */;
UNLOCK TABLES;

--
-- Table structure for table `sending_record`
--

DROP TABLE IF EXISTS `sending_record`;
/*!40101 SET @saved_cs_client     = @@character_set_client */;
/*!40101 SET character_set_client = utf8 */;
CREATE TABLE `sending_record` (
  `id` int(11) NOT NULL,
  `receiver_address` varchar(255) NOT NULL,
  `receiver_city` varchar(255) NOT NULL,
  `receiver_name` varchar(255) NOT NULL,
  `receiver_province` varchar(255) NOT NULL,
  `receiver_tele` varchar(255) NOT NULL,
  `send_time` datetime DEFAULT NULL,
  `sender_address` varchar(255) NOT NULL,
  `sender_city` varchar(255) NOT NULL,
  `sender_name` varchar(255) NOT NULL,
  `sender_province` varchar(255) NOT NULL,
  `sender_tele` varchar(255) NOT NULL,
  `sending_record_id` varchar(255) NOT NULL,
  `weight` double NOT NULL,
  `mCompany_id` int(11) DEFAULT NULL,
  `mPackage_id` int(11) DEFAULT NULL,
  PRIMARY KEY (`id`),
  UNIQUE KEY `UK_ajx6l2r97ge4xqx1h3iur1fm4` (`sending_record_id`),
  KEY `FK42c3rgb926id0geqyp9f3kmm1` (`mCompany_id`),
  KEY `FKben8efaetn5ex11ilmxqef027` (`mPackage_id`)
) ENGINE=MyISAM DEFAULT CHARSET=utf8;
/*!40101 SET character_set_client = @saved_cs_client */;

--
-- Dumping data for table `sending_record`
--

LOCK TABLES `sending_record` WRITE;
/*!40000 ALTER TABLE `sending_record` DISABLE KEYS */;
INSERT INTO `sending_record` VALUES (709,'建国路4800','杭州','李明','江苏','214748364701','2015-11-01 13:26:37','新华路4800','苏州','王佳琦','广东','214748364701','4870796',10.87,1000,2),(710,'新华路4800','苏州','王明','广东','214748364701','2015-11-02 13:26:37','陕西路4800','无锡','李普凡','上海','214748364701','5918348',10.87,1000,3),(711,'陕西路4800','无锡','王佳琦','上海','214748364701','2015-11-03 13:26:37','北京路4800','上海','任浩然','浙江','214748364701','3278835',10.87,1000,4),(712,'北京路4800','上海','李普凡','浙江','214748364701','2015-11-04 13:26:37','建国路4800','北京','杜翼超','江苏','214748364701','6970900',10.87,1000,5),(713,'建国路4800','北京','任浩然','江苏','214748364701','2015-11-05 13:26:37','新华路4800','杭州','李明','广东','214748364701','9349672',10.87,1000,6),(714,'新华路4800','杭州','杜翼超','广东','214748364701','2015-11-06 13:26:37','陕西路4800','苏州','王明','上海','214748364701','9802020',10.87,1000,7),(715,'陕西路4800','苏州','李明','上海','214748364701','2015-11-07 13:26:37','北京路4800','无锡','王佳琦','浙江','214748364701','8192190',10.87,1000,8),(716,'北京路4800','无锡','王明','浙江','214748364701','2015-11-08 13:26:37','建国路4800','上海','李普凡','江苏','214748364701','3182917',10.87,1000,9),(717,'建国路4800','上海','王佳琦','江苏','214748364701','2015-11-09 13:26:37','新华路4800','北京','任浩然','广东','214748364701','9762712',10.87,1000,10),(718,'新华路4800','北京','李普凡','广东','214748364701','2015-11-10 13:26:37','陕西路4800','杭州','杜翼超','上海','214748364701','5184837',10.87,1000,11),(719,'陕西路4800','杭州','任浩然','上海','214748364701','2015-11-11 13:26:37','北京路4800','苏州','李明','浙江','214748364701','7112132',10.87,1000,12),(720,'北京路4800','苏州','杜翼超','浙江','214748364701','2015-11-12 13:26:37','建国路4800','无锡','王明','江苏','214748364701','6569812',10.87,1000,13),(721,'建国路4800','无锡','李明','江苏','214748364701','2015-11-13 13:26:37','新华路4800','上海','王佳琦','广东','214748364701','2922583',10.87,1000,14),(722,'新华路4800','上海','王明','广东','214748364701','2015-11-14 13:26:37','陕西路4800','北京','李普凡','上海','214748364701','6481119',10.87,1000,15),(723,'陕西路4800','北京','王佳琦','上海','214748364701','2015-11-15 13:26:37','北京路4800','杭州','任浩然','浙江','214748364701','2555384',10.87,1000,16),(724,'北京路4800','杭州','李普凡','浙江','214748364701','2015-11-16 13:26:37','建国路4800','苏州','杜翼超','江苏','214748364701','7679217',10.87,1000,17),(725,'建国路4800','苏州','任浩然','江苏','214748364701','2015-11-17 13:26:37','新华路4800','无锡','李明','广东','214748364701','2662086',10.87,1000,18),(726,'新华路4800','无锡','杜翼超','广东','214748364701','2015-11-18 13:26:37','陕西路4800','上海','王明','上海','214748364701','7191201',10.87,1000,19),(727,'陕西路4800','上海','李明','上海','214748364701','2015-11-19 13:26:37','北京路4800','北京','王佳琦','浙江','214748364701','9303007',10.87,1000,20),(728,'北京路4800','北京','王明','浙江','214748364701','2015-11-20 13:26:37','建国路4800','杭州','李普凡','江苏','214748364701','8341064',10.87,1000,21),(729,'建国路4800','杭州','王佳琦','江苏','214748364701','2015-11-21 13:26:37','新华路4800','苏州','任浩然','广东','214748364701','8472744',10.87,1000,22),(730,'新华路4800','苏州','李普凡','广东','214748364701','2015-11-22 13:26:37','陕西路4800','无锡','杜翼超','上海','214748364701','8686239',10.87,1000,23),(731,'陕西路4800','无锡','任浩然','上海','214748364701','2015-11-23 13:26:37','北京路4800','上海','李明','浙江','214748364701','4949694',10.87,1000,24),(732,'北京路4800','上海','杜翼超','浙江','214748364701','2015-11-24 13:26:37','建国路4800','北京','王明','江苏','214748364701','7184672',10.87,1000,25),(733,'建国路4800','北京','李明','江苏','214748364701','2015-11-25 13:26:37','新华路4800','杭州','王佳琦','广东','214748364701','2466746',10.87,1000,26),(734,'新华路4800','杭州','王明','广东','214748364701','2015-11-26 13:26:37','陕西路4800','苏州','李普凡','上海','214748364701','1778062',10.87,1000,27),(735,'陕西路4800','苏州','王佳琦','上海','214748364701','2015-11-27 13:26:37','北京路4800','无锡','任浩然','浙江','214748364701','9342822',10.87,1000,28),(736,'北京路4800','无锡','李普凡','浙江','214748364701','2015-11-28 13:26:37','建国路4800','上海','杜翼超','江苏','214748364701','5500688',10.87,1000,29);
/*!40000 ALTER TABLE `sending_record` ENABLE KEYS */;
UNLOCK TABLES;

--
-- Table structure for table `shelf`
--

DROP TABLE IF EXISTS `shelf`;
/*!40101 SET @saved_cs_client     = @@character_set_client */;
/*!40101 SET character_set_client = utf8 */;
CREATE TABLE `shelf` (
  `id` int(11) NOT NULL,
  `col_sum` int(11) NOT NULL,
  `empty_sum` int(11) DEFAULT NULL,
  `layer_sum` int(11) NOT NULL,
  `position_sum` int(11) DEFAULT NULL,
  `shelf_id` varchar(255) NOT NULL,
  `mPoint_id` int(11) DEFAULT NULL,
  PRIMARY KEY (`id`),
  UNIQUE KEY `UK_kq7iwkopvmivg7mvx3pl9jjqc` (`shelf_id`),
  KEY `FK9cl1dyqxx7o0c7lls9nrj7thc` (`mPoint_id`)
) ENGINE=MyISAM DEFAULT CHARSET=utf8;
/*!40101 SET character_set_client = @saved_cs_client */;

--
-- Dumping data for table `shelf`
--

LOCK TABLES `shelf` WRITE;
/*!40000 ALTER TABLE `shelf` DISABLE KEYS */;
INSERT INTO `shelf` VALUES (1000,3,4,2,6,'1001',1000);
/*!40000 ALTER TABLE `shelf` ENABLE KEYS */;
UNLOCK TABLES;

--
-- Table structure for table `smart_cupboard`
--

DROP TABLE IF EXISTS `smart_cupboard`;
/*!40101 SET @saved_cs_client     = @@character_set_client */;
/*!40101 SET character_set_client = utf8 */;
CREATE TABLE `smart_cupboard` (
  `id` int(11) NOT NULL,
  `col_sum` int(11) NOT NULL,
  `cupboard_id` varchar(255) NOT NULL,
  `empty_sum` int(11) NOT NULL,
  `layer_sum` int(11) NOT NULL,
  `position_sum` int(11) NOT NULL,
  `mPoint_id` int(11) DEFAULT NULL,
  PRIMARY KEY (`id`),
  UNIQUE KEY `UK_8ybyh01asb6gj9mwi1t7gu1f0` (`cupboard_id`),
  KEY `FK6ceoggxr0yu6go5j8vpn8uon1` (`mPoint_id`)
) ENGINE=MyISAM DEFAULT CHARSET=utf8;
/*!40101 SET character_set_client = @saved_cs_client */;

--
-- Dumping data for table `smart_cupboard`
--

LOCK TABLES `smart_cupboard` WRITE;
/*!40000 ALTER TABLE `smart_cupboard` DISABLE KEYS */;
INSERT INTO `smart_cupboard` VALUES (1000,3,'2001',5,2,6,1000);
/*!40000 ALTER TABLE `smart_cupboard` ENABLE KEYS */;
UNLOCK TABLES;

--
-- Table structure for table `storageposition`
--

DROP TABLE IF EXISTS `storageposition`;
/*!40101 SET @saved_cs_client     = @@character_set_client */;
/*!40101 SET character_set_client = utf8 */;
CREATE TABLE `storageposition` (
  `id` int(11) NOT NULL,
  `column_index` int(11) NOT NULL,
  `cup_shelf` bit(1) DEFAULT NULL,
  `empty_full` bit(1) NOT NULL,
  `identify_code` varchar(255) DEFAULT NULL,
  `layer_index` int(11) NOT NULL,
  `storage_id` varchar(255) NOT NULL,
  `mCup_id` int(11) DEFAULT NULL,
  `mShelf_id` int(11) DEFAULT NULL,
  PRIMARY KEY (`id`),
  UNIQUE KEY `UK_oy59o0kagbxilk8q7fim7upy3` (`storage_id`),
  KEY `FK8wb906qhj876b5rr9s2moq94a` (`mCup_id`),
  KEY `FKbt6tpuejm76ki83r7g38req2q` (`mShelf_id`)
) ENGINE=MyISAM DEFAULT CHARSET=utf8;
/*!40101 SET character_set_client = @saved_cs_client */;

--
-- Dumping data for table `storageposition`
--

LOCK TABLES `storageposition` WRITE;
/*!40000 ALTER TABLE `storageposition` DISABLE KEYS */;
INSERT INTO `storageposition` VALUES (90001,1,'\0','\0',NULL,1,'1001-1-1',NULL,1000),(90002,2,'\0','\0',NULL,1,'1001-1-2',NULL,1000),(90003,3,'\0','',NULL,1,'1001-1-3',NULL,1000),(90004,1,'\0','',NULL,2,'1001-2-1',NULL,1000),(90005,2,'\0','',NULL,2,'1001-2-2',NULL,1000),(90006,3,'\0','',NULL,2,'1001-2-3',NULL,1000),(90007,1,'','\0',NULL,1,'2001-1-1',1000,NULL),(90008,2,'','',NULL,1,'2001-1-2',1000,NULL),(90009,3,'','',NULL,1,'2001-1-3',1000,NULL),(90010,1,'','',NULL,2,'2001-2-1',1000,NULL),(90011,2,'','',NULL,2,'2001-2-2',1000,NULL),(90012,3,'','',NULL,2,'2001-2-3',1000,NULL);
/*!40000 ALTER TABLE `storageposition` ENABLE KEYS */;
UNLOCK TABLES;

--
-- Table structure for table `year_form`
--

DROP TABLE IF EXISTS `year_form`;
/*!40101 SET @saved_cs_client     = @@character_set_client */;
/*!40101 SET character_set_client = utf8 */;
CREATE TABLE `year_form` (
  `id` int(11) NOT NULL,
  `date` date NOT NULL,
  `sum` int(11) NOT NULL,
  `mCompany_id` int(11) DEFAULT NULL,
  PRIMARY KEY (`id`),
  KEY `FKi9ia0gjphydlro6hjlxhtv7vv` (`mCompany_id`)
) ENGINE=MyISAM DEFAULT CHARSET=utf8;
/*!40101 SET character_set_client = @saved_cs_client */;

--
-- Dumping data for table `year_form`
--

LOCK TABLES `year_form` WRITE;
/*!40000 ALTER TABLE `year_form` DISABLE KEYS */;
/*!40000 ALTER TABLE `year_form` ENABLE KEYS */;
UNLOCK TABLES;
/*!40103 SET TIME_ZONE=@OLD_TIME_ZONE */;

/*!40101 SET SQL_MODE=@OLD_SQL_MODE */;
/*!40014 SET FOREIGN_KEY_CHECKS=@OLD_FOREIGN_KEY_CHECKS */;
/*!40014 SET UNIQUE_CHECKS=@OLD_UNIQUE_CHECKS */;
/*!40101 SET CHARACTER_SET_CLIENT=@OLD_CHARACTER_SET_CLIENT */;
/*!40101 SET CHARACTER_SET_RESULTS=@OLD_CHARACTER_SET_RESULTS */;
/*!40101 SET COLLATION_CONNECTION=@OLD_COLLATION_CONNECTION */;
/*!40111 SET SQL_NOTES=@OLD_SQL_NOTES */;

-- Dump completed on 2017-06-14 14:18:50
